0.000000000000000000e+00,0.000000000000000000e+00,1.398966916738408461e-03,1.257094178456721239e-03,1.067081512519641199e-03,1.022563825961884162e-03,0.000000000000000000e+00,1.108269394714407477e-03,0.000000000000000000e+00,1.956652618904274315e-03,0.000000000000000000e+00,0.000000000000000000e+00,0.000000000000000000e+00,9.883784077332462975e-04,9.346226332735928233e-04,0.000000000000000000e+00,1.631701631701631700e-03,1.302558597244587654e-03,1.206560507020591061e-03,1.331778778373473573e-03,0.000000000000000000e+00,0.000000000000000000e+00,9.985150289313329732e-04,1.210992081974848712e-03,0.000000000000000000e+00,0.000000000000000000e+00,0.000000000000000000e+00,1.309016631224122320e-03,1.105460081957919567e-03,0.000000000000000000e+00,0.000000000000000000e+00,0.000000000000000000e+00,0.000000000000000000e+00,9.139972144846797431e-04,0.000000000000000000e+00,0.000000000000000000e+00,0.000000000000000000e+00,8.922035139092240365e-04,1.200738916256157557e-03,0.000000000000000000e+00,1.261727596247169073e-03,0.000000000000000000e+00,0.000000000000000000e+00,1.228396200521056011e-03,1.091257944597673725e-03,1.040416166466586563e-03,9.221103830304669012e-04,0.000000000000000000e+00,1.601013388694382325e-03,6.975050779902654610e-04
0.000000000000000000e+00,0.000000000000000000e+00,2.090763743696962343e-03,0.000000000000000000e+00,1.594759183545837880e-03,1.528227256382596200e-03,0.000000000000000000e+00,1.656314699792960869e-03,0.000000000000000000e+00,2.924228089791003696e-03,0.000000000000000000e+00,0.000000000000000000e+00,2.157508711999026833e-03,1.477136961007928604e-03,1.396798660716578547e-03,0.000000000000000000e+00,2.438587053971669454e-03,1.946680980497405818e-03,1.803211307195608671e-03,0.000000000000000000e+00,0.000000000000000000e+00,0.000000000000000000e+00,0.000000000000000000e+00,1.809834320314059313e-03,1.314333483128693513e-03,0.000000000000000000e+00,0.000000000000000000e+00,1.956332547763523638e-03,1.652116166442605272e-03,0.000000000000000000e+00,1.612635473237365594e-03,0.000000000000000000e+00,1.472211998527787761e-03,1.365973859010070901e-03,0.000000000000000000e+00,0.000000000000000000e+00,0.000000000000000000e+00,0.000000000000000000e+00,0.000000000000000000e+00,0.000000000000000000e+00,1.885658825160604684e-03,0.000000000000000000e+00,0.000000000000000000e+00,0.000000000000000000e+00,1.630890994123995654e-03,1.554907677356656996e-03,1.378099033979598900e-03,0.000000000000000000e+00,2.392723306180615395e-03,1.042425171501935302e-03
0.000000000000000000e+00,5.354354131032944232e-04,0.000000000000000000e+00,5.801973131338714409e-04,4.924991596244498093e-04,4.719525350593311891e-04,0.000000000000000000e+00,5.115089514066495716e-04,0.000000000000000000e+00,9.030704394942805531e-04,0.000000000000000000e+00,5.428039702233250887e-04,6.662894551761702235e-04,4.561746497230367652e-04,4.313642922801197562e-04,0.000000000000000000e+00,7.530930607853685271e-04,6.011808910359636412e-04,5.568740801633497621e-04,6.146671284800648595e-04,0.000000000000000000e+00,0.000000000000000000e+00,4.608530902759997838e-04,5.589194224499300246e-04,0.000000000000000000e+00,0.000000000000000000e+00,0.000000000000000000e+00,0.000000000000000000e+00,0.000000000000000000e+00,0.000000000000000000e+00,0.000000000000000000e+00,0.000000000000000000e+00,0.000000000000000000e+00,4.218448682236983346e-04,0.000000000000000000e+00,0.000000000000000000e+00,0.000000000000000000e+00,0.000000000000000000e+00,5.541871921182266398e-04,0.000000000000000000e+00,0.000000000000000000e+00,4.536290322580645903e-04,0.000000000000000000e+00,0.000000000000000000e+00,5.036575128912339520e-04,0.000000000000000000e+00,4.255894075525231768e-04,0.000000000000000000e+00,0.000000000000000000e+00,0.000000000000000000e+00
0.000000000000000000e+00,0.000000000000000000e+00,0.000000000000000000e+00,0.000000000000000000e+00,0.000000000000000000e+00,1.932758000719165528e-03,3.735462643563746722e-03,2.094750943855803668e-03,0.000000000000000000e+00,3.698288466500386593e-03,1.762836937583273436e-03,0.000000000000000000e+00,0.000000000000000000e+00,0.000000000000000000e+00,1.766539482670966693e-03,0.000000000000000000e+00,3.084095391787699744e-03,2.461978887099660306e-03,2.280531947335622846e-03,2.517208240442170026e-03,0.000000000000000000e+00,0.000000000000000000e+00,0.000000000000000000e+00,2.288908110985427968e-03,0.000000000000000000e+00,0.000000000000000000e+00,2.284242049974435310e-03,0.000000000000000000e+00,2.089441034030353663e-03,0.000000000000000000e+00,0.000000000000000000e+00,0.000000000000000000e+00,0.000000000000000000e+00,1.727555174630383480e-03,2.378143204778408303e-03,0.000000000000000000e+00,0.000000000000000000e+00,0.000000000000000000e+00,2.269528501055594408e-03,0.000000000000000000e+00,2.384803808291352696e-03,1.857718894009216439e-03,2.275990287343773646e-03,2.321803807578259361e-03,2.062597433745053544e-03,1.966500886068713559e-03,0.000000000000000000e+00,0.000000000000000000e+00,3.026091240169601938e-03,1.318361246311271174e-03
1.813256082186636689e-03,0.000000000000000000e+00,2.598081416799901365e-03,2.334603474276768231e-03,0.000000000000000000e+00,1.899047105357784841e-03,0.000000000000000000e+00,0.000000000000000000e+00,0.000000000000000000e+00,3.633783435107938199e-03,0.000000000000000000e+00,2.184139784946236354e-03,0.000000000000000000e+00,1.835559900076028962e-03,1.735727747508101050e-03,2.555701179554390520e-03,3.030303030303030300e-03,2.419037394882805458e-03,2.240755227323954889e-03,2.473303445550736977e-03,0.000000000000000000e+00,0.000000000000000000e+00,1.854385053729618255e-03,0.000000000000000000e+00,1.633252637123155850e-03,0.000000000000000000e+00,0.000000000000000000e+00,0.000000000000000000e+00,0.000000000000000000e+00,0.000000000000000000e+00,0.000000000000000000e+00,2.335012055017858350e-03,1.829439909935266003e-03,1.697423398328690766e-03,2.336663962834599050e-03,0.000000000000000000e+00,0.000000000000000000e+00,0.000000000000000000e+00,0.000000000000000000e+00,0.000000000000000000e+00,2.343208393030456974e-03,0.000000000000000000e+00,0.000000000000000000e+00,0.000000000000000000e+00,2.026621897109965459e-03,1.932201452009375169e-03,1.712490711342295503e-03,2.922864060878588473e-03,2.973310579003852951e-03,1.295366573410493185e-03
2.027842600788605249e-03,0.000000000000000000e+00,0.000000000000000000e+00,2.610887909102421051e-03,2.216246218310024413e-03,0.000000000000000000e+00,4.104665346706675919e-03,2.301790281329923506e-03,3.635128030876148917e-03,0.000000000000000000e+00,0.000000000000000000e+00,0.000000000000000000e+00,2.998302548292765355e-03,2.052785923753665687e-03,1.941139315260538740e-03,0.000000000000000000e+00,3.388918773534158047e-03,2.705314009661835464e-03,2.505933360735073875e-03,0.000000000000000000e+00,0.000000000000000000e+00,0.000000000000000000e+00,2.073838906241999135e-03,2.515137401024685870e-03,1.826536972877375580e-03,2.925696594427244605e-03,2.510010159564931599e-03,2.718726849465484801e-03,0.000000000000000000e+00,0.000000000000000000e+00,2.241089003248986078e-03,2.611344842593935848e-03,2.045941674424646244e-03,1.898301907006642560e-03,0.000000000000000000e+00,0.000000000000000000e+00,0.000000000000000000e+00,0.000000000000000000e+00,0.000000000000000000e+00,0.000000000000000000e+00,2.620511161436428309e-03,0.000000000000000000e+00,0.000000000000000000e+00,2.551284416466808539e-03,2.266458808010552838e-03,2.160864345738295385e-03,0.000000000000000000e+00,0.000000000000000000e+00,3.325181653442178809e-03,0.000000000000000000e+00
0.000000000000000000e+00,0.000000000000000000e+00,0.000000000000000000e+00,1.213349142942659513e-03,1.029948639373353455e-03,9.869801030804265050e-04,0.000000000000000000e+00,1.069703243616287273e-03,0.000000000000000000e+00,0.000000000000000000e+00,9.002083973899080872e-04,1.135149572649572737e-03,0.000000000000000000e+00,9.539842873176206019e-04,9.020991350461234374e-04,0.000000000000000000e+00,1.574920805690036441e-03,1.257231466571240991e-03,1.164573969230497203e-03,1.285434828210294195e-03,0.000000000000000000e+00,0.000000000000000000e+00,9.637681689502060854e-04,0.000000000000000000e+00,0.000000000000000000e+00,0.000000000000000000e+00,0.000000000000000000e+00,0.000000000000000000e+00,0.000000000000000000e+00,0.000000000000000000e+00,0.000000000000000000e+00,0.000000000000000000e+00,0.000000000000000000e+00,8.821914506106706818e-04,0.000000000000000000e+00,0.000000000000000000e+00,0.000000000000000000e+00,0.000000000000000000e+00,0.000000000000000000e+00,0.000000000000000000e+00,1.217821324582890304e-03,0.000000000000000000e+00,0.000000000000000000e+00,0.000000000000000000e+00,1.053283767038414032e-03,1.004211208292840954e-03,0.000000000000000000e+00,0.000000000000000000e+00,0.000000000000000000e+00,0.000000000000000000e+00
1.627281099398263662e-03,1.933516769539674095e-03,2.331611527897347290e-03,2.095156964094535470e-03,0.000000000000000000e+00,1.704273043269807081e-03,3.293867253530048320e-03,0.000000000000000000e+00,0.000000000000000000e+00,3.261087698173790669e-03,0.000000000000000000e+00,1.960125448028673684e-03,2.406045254802836701e-03,1.647297346222077090e-03,0.000000000000000000e+00,0.000000000000000000e+00,2.719502719502719500e-03,2.170930995407645801e-03,0.000000000000000000e+00,0.000000000000000000e+00,0.000000000000000000e+00,0.000000000000000000e+00,1.664191714885554811e-03,2.018320136624747636e-03,1.465739546136165779e-03,0.000000000000000000e+00,0.000000000000000000e+00,2.181694385373537416e-03,1.842433469929865945e-03,0.000000000000000000e+00,0.000000000000000000e+00,2.095523639118590693e-03,1.641805047377802723e-03,1.523328690807799644e-03,0.000000000000000000e+00,0.000000000000000000e+00,0.000000000000000000e+00,0.000000000000000000e+00,2.001231527093596217e-03,0.000000000000000000e+00,0.000000000000000000e+00,1.638104838709677482e-03,0.000000000000000000e+00,0.000000000000000000e+00,1.818763240996122731e-03,1.734026944110977821e-03,0.000000000000000000e+00,0.000000000000000000e+00,2.668355647823970542e-03,1.162508463317109102e-03
0.000000000000000000e+00,8.074026070605233021e-05,0.000000000000000000e+00,8.749007102812345060e-05,7.426574629257577328e-05,0.000000000000000000e+00,1.375461050924635679e-04,7.713230219624082928e-05,0.000000000000000000e+00,1.361772884951692898e-04,0.000000000000000000e+00,0.000000000000000000e+00,0.000000000000000000e+00,0.000000000000000000e+00,6.504699645493870394e-05,0.000000000000000000e+00,1.135616520231904773e-04,0.000000000000000000e+00,8.397307558018766082e-05,9.268790032635897298e-05,0.000000000000000000e+00,0.000000000000000000e+00,6.949371996225393823e-05,0.000000000000000000e+00,0.000000000000000000e+00,0.000000000000000000e+00,0.000000000000000000e+00,9.110372158702682334e-05,0.000000000000000000e+00,0.000000000000000000e+00,0.000000000000000000e+00,0.000000000000000000e+00,0.000000000000000000e+00,6.361152774801800047e-05,0.000000000000000000e+00,0.000000000000000000e+00,0.000000000000000000e+00,6.209475005229031562e-05,8.356790992258973075e-05,0.000000000000000000e+00,0.000000000000000000e+00,0.000000000000000000e+00,0.000000000000000000e+00,0.000000000000000000e+00,7.594835511851940094e-05,7.240991634749138024e-05,0.000000000000000000e+00,0.000000000000000000e+00,1.114258402388031610e-04,4.854430945719796629e-05
0.000000000000000000e+00,0.000000000000000000e+00,0.000000000000000000e+00,0.000000000000000000e+00,1.336783433266363784e-03,1.281014023732470223e-03,0.000000000000000000e+00,1.388381439532334520e-03,0.000000000000000000e+00,0.000000000000000000e+00,0.000000000000000000e+00,0.000000000000000000e+00,0.000000000000000000e+00,0.000000000000000000e+00,1.170845936188896373e-03,0.000000000000000000e+00,2.044109736417428890e-03,1.631776704240472508e-03,1.511515360443377786e-03,0.000000000000000000e+00,0.000000000000000000e+00,1.992223338721656623e-03,1.250886959320570780e-03,1.517067003792667550e-03,0.000000000000000000e+00,1.764705882352941239e-03,0.000000000000000000e+00,0.000000000000000000e+00,0.000000000000000000e+00,0.000000000000000000e+00,0.000000000000000000e+00,0.000000000000000000e+00,1.234060057589469366e-03,1.145007499464323819e-03,0.000000000000000000e+00,0.000000000000000000e+00,0.000000000000000000e+00,0.000000000000000000e+00,0.000000000000000000e+00,0.000000000000000000e+00,1.580625779914036346e-03,0.000000000000000000e+00,0.000000000000000000e+00,1.538869965487916179e-03,1.367070392133349190e-03,1.303378494254844736e-03,0.000000000000000000e+00,0.000000000000000000e+00,0.000000000000000000e+00,8.737975702295634880e-04
0.000000000000000000e+00,1.032625439556353461e-03,1.245234288525396728e-03,1.118951961043894612e-03,9.498198078471532888e-04,9.101941747572815829e-04,1.759142291445718034e-03,9.864815491413957572e-04,0.000000000000000000e+00,1.741635847596112495e-03,0.000000000000000000e+00,0.000000000000000000e+00,1.284986806411185121e-03,8.797653958944282601e-04,8.319168493973737614e-04,0.000000000000000000e+00,1.452393760086067827e-03,1.159420289855072218e-03,1.073971440315031568e-03,1.185429462068696453e-03,0.000000000000000000e+00,0.000000000000000000e+00,8.887881026751424246e-04,0.000000000000000000e+00,0.000000000000000000e+00,0.000000000000000000e+00,1.075718639813542021e-03,0.000000000000000000e+00,0.000000000000000000e+00,0.000000000000000000e+00,0.000000000000000000e+00,0.000000000000000000e+00,8.768321461819913402e-04,8.135579601457038458e-04,0.000000000000000000e+00,9.079903147699757218e-04,0.000000000000000000e+00,0.000000000000000000e+00,0.000000000000000000e+00,0.000000000000000000e+00,1.123076212044183623e-03,8.748559907834101883e-04,1.071832635318870422e-03,1.093407607057203784e-03,9.713394891473797104e-04,9.260847196021266712e-04,8.207795717084375321e-04,0.000000000000000000e+00,0.000000000000000000e+00,0.000000000000000000e+00
0.000000000000000000e+00,6.629200352707454195e-04,0.000000000000000000e+00,7.183395305466978506e-04,0.000000000000000000e+00,5.843221862639338222e-04,1.129325915496016486e-03,6.332967969796615085e-04,0.000000000000000000e+00,1.118087210802442590e-03,0.000000000000000000e+00,0.000000000000000000e+00,8.249298016466868194e-04,0.000000000000000000e+00,5.340700761563388181e-04,0.000000000000000000e+00,9.324009324009324001e-04,7.443191984254786441e-04,6.894631468689091467e-04,7.610164447848421967e-04,0.000000000000000000e+00,0.000000000000000000e+00,0.000000000000000000e+00,0.000000000000000000e+00,5.025392729609710809e-04,8.049535603715170544e-04,0.000000000000000000e+00,0.000000000000000000e+00,6.316914754045255135e-04,0.000000000000000000e+00,0.000000000000000000e+00,0.000000000000000000e+00,5.629045876723895144e-04,5.222841225626741234e-04,0.000000000000000000e+00,0.000000000000000000e+00,6.029684601113172691e-04,0.000000000000000000e+00,0.000000000000000000e+00,0.000000000000000000e+00,7.209871978555252312e-04,0.000000000000000000e+00,0.000000000000000000e+00,7.019406860120319756e-04,6.235759683415277501e-04,5.945235236951923680e-04,5.269202188745524375e-04,0.000000000000000000e+00,9.148647935396470119e-04,0.000000000000000000e+00
0.000000000000000000e+00,1.636052651148955104e-03,0.000000000000000000e+00,1.772825123464606819e-03,0.000000000000000000e+00,0.000000000000000000e+00,0.000000000000000000e+00,1.562944018186985043e-03,0.000000000000000000e+00,2.759381898454745918e-03,0.000000000000000000e+00,0.000000000000000000e+00,0.000000000000000000e+00,1.393866985264834678e-03,1.318057559744810264e-03,1.940719830628087617e-03,2.301117685733070680e-03,1.836941611498777317e-03,1.701559689388013096e-03,1.878149559244642313e-03,0.000000000000000000e+00,2.242707559672040517e-03,0.000000000000000000e+00,1.707809346374786512e-03,1.240241154422909572e-03,0.000000000000000000e+00,0.000000000000000000e+00,0.000000000000000000e+00,0.000000000000000000e+00,0.000000000000000000e+00,1.521727100971533931e-03,0.000000000000000000e+00,0.000000000000000000e+00,1.288970430683522659e-03,0.000000000000000000e+00,0.000000000000000000e+00,0.000000000000000000e+00,0.000000000000000000e+00,0.000000000000000000e+00,0.000000000000000000e+00,0.000000000000000000e+00,1.386088709677419425e-03,1.698171047727427968e-03,1.732353616119437865e-03,1.538953511612103833e-03,1.467253568093904344e-03,1.300412078632709641e-03,0.000000000000000000e+00,0.000000000000000000e+00,0.000000000000000000e+00
1.834714734046833610e-03,2.179987039063413078e-03,0.000000000000000000e+00,2.362231917759333166e-03,0.000000000000000000e+00,1.921521035598705443e-03,3.713744837496515874e-03,2.082572159298501889e-03,0.000000000000000000e+00,3.676786789369570606e-03,1.752587885620580021e-03,0.000000000000000000e+00,2.712749924645835569e-03,0.000000000000000000e+00,1.756268904283344668e-03,2.585946163927815757e-03,3.066164604626143118e-03,0.000000000000000000e+00,2.267273040665067005e-03,2.502573308811692487e-03,0.000000000000000000e+00,0.000000000000000000e+00,1.876330438980856278e-03,2.275600505689001542e-03,1.652581070698578040e-03,2.647058823529412075e-03,0.000000000000000000e+00,0.000000000000000000e+00,0.000000000000000000e+00,2.298387096774193519e-03,0.000000000000000000e+00,0.000000000000000000e+00,1.851090086384203940e-03,1.717511249196485837e-03,0.000000000000000000e+00,0.000000000000000000e+00,1.982838589981447165e-03,0.000000000000000000e+00,0.000000000000000000e+00,0.000000000000000000e+00,2.370938669871054411e-03,0.000000000000000000e+00,0.000000000000000000e+00,0.000000000000000000e+00,2.050605588200023893e-03,0.000000000000000000e+00,1.732756873606701529e-03,0.000000000000000000e+00,3.008497686447685320e-03,1.310696355344345178e-03
2.229911572472125913e-03,0.000000000000000000e+00,0.000000000000000000e+00,2.871055751896577513e-03,2.437089095443210115e-03,2.335415917535658536e-03,4.513684027639527398e-03,2.531157390492429216e-03,0.000000000000000000e+00,0.000000000000000000e+00,0.000000000000000000e+00,0.000000000000000000e+00,3.297075200812238371e-03,2.257340429383440303e-03,0.000000000000000000e+00,3.142957959471720866e-03,3.726615265076804219e-03,2.974891155245422761e-03,2.755642769697210902e-03,3.041626623867622024e-03,0.000000000000000000e+00,3.632021203780564072e-03,2.280491284024491368e-03,2.765763967440725696e-03,2.008546389045932565e-03,0.000000000000000000e+00,0.000000000000000000e+00,0.000000000000000000e+00,2.524741249453343883e-03,0.000000000000000000e+00,2.464407395988964331e-03,2.871558217561409176e-03,2.249814169318813464e-03,2.087462502678379822e-03,2.873589705773910413e-03,2.329761157444773436e-03,2.409941249226963365e-03,0.000000000000000000e+00,0.000000000000000000e+00,0.000000000000000000e+00,2.881637935018717660e-03,0.000000000000000000e+00,2.750154930540393318e-03,2.805512934157063792e-03,2.492305232441939609e-03,0.000000000000000000e+00,0.000000000000000000e+00,0.000000000000000000e+00,0.000000000000000000e+00,0.000000000000000000e+00
0.000000000000000000e+00,6.076766989981832560e-04,0.000000000000000000e+00,6.584779030011395518e-04,5.589474589388597481e-04,5.356286707419393280e-04,0.000000000000000000e+00,0.000000000000000000e+00,0.000000000000000000e+00,1.024913276568905707e-03,0.000000000000000000e+00,6.160394265232975583e-04,7.561856515094629539e-04,5.177220230983671598e-04,4.895642364766438805e-04,0.000000000000000000e+00,8.547008547008548085e-04,0.000000000000000000e+00,6.320078846298334387e-04,0.000000000000000000e+00,0.000000000000000000e+00,0.000000000000000000e+00,0.000000000000000000e+00,6.343291857963492169e-04,4.606610002142235089e-04,0.000000000000000000e+00,0.000000000000000000e+00,0.000000000000000000e+00,5.790505191208150269e-04,0.000000000000000000e+00,0.000000000000000000e+00,6.585931437229855133e-04,5.159958720330236944e-04,4.787604456824512346e-04,0.000000000000000000e+00,0.000000000000000000e+00,0.000000000000000000e+00,0.000000000000000000e+00,0.000000000000000000e+00,6.502601040416166288e-04,0.000000000000000000e+00,0.000000000000000000e+00,0.000000000000000000e+00,0.000000000000000000e+00,5.716113043130671223e-04,5.449798967205929769e-04,0.000000000000000000e+00,0.000000000000000000e+00,8.386260607446765179e-04,3.653598027568057409e-04
1.573634469747771250e-03,0.000000000000000000e+00,2.254745213790841640e-03,0.000000000000000000e+00,1.719838335196491232e-03,1.648088217667505575e-03,3.185278223193892776e-03,0.000000000000000000e+00,0.000000000000000000e+00,0.000000000000000000e+00,0.000000000000000000e+00,0.000000000000000000e+00,2.326725081567578186e-03,1.592990840302668234e-03,1.506351496851211823e-03,0.000000000000000000e+00,0.000000000000000000e+00,2.099361841712888300e-03,1.944639645014871986e-03,0.000000000000000000e+00,0.000000000000000000e+00,0.000000000000000000e+00,0.000000000000000000e+00,1.951782110142613125e-03,1.417418462197610630e-03,0.000000000000000000e+00,0.000000000000000000e+00,0.000000000000000000e+00,0.000000000000000000e+00,0.000000000000000000e+00,0.000000000000000000e+00,0.000000000000000000e+00,1.587679606255457555e-03,1.473109063638311424e-03,0.000000000000000000e+00,0.000000000000000000e+00,0.000000000000000000e+00,0.000000000000000000e+00,1.935256861365235647e-03,0.000000000000000000e+00,0.000000000000000000e+00,0.000000000000000000e+00,0.000000000000000000e+00,1.979832704136500789e-03,1.758804013270975778e-03,1.676861220678747605e-03,1.486185232723096546e-03,0.000000000000000000e+00,2.580387879214389186e-03,0.000000000000000000e+00
0.000000000000000000e+00,1.466073154925687108e-03,0.000000000000000000e+00,1.588635500247504795e-03,1.348509603733612705e-03,1.292250988852930525e-03,0.000000000000000000e+00,1.400560224089635866e-03,0.000000000000000000e+00,0.000000000000000000e+00,0.000000000000000000e+00,1.486248966087675479e-03,0.000000000000000000e+00,1.249049636146410411e-03,1.181116514576518181e-03,0.000000000000000000e+00,2.062040523578985082e-03,0.000000000000000000e+00,1.524774267113933844e-03,1.683017137504939269e-03,0.000000000000000000e+00,2.009698982043776460e-03,1.261859651946189900e-03,0.000000000000000000e+00,1.111384930586762796e-03,0.000000000000000000e+00,1.527254858994534815e-03,0.000000000000000000e+00,0.000000000000000000e+00,0.000000000000000000e+00,1.363625583987478421e-03,0.000000000000000000e+00,1.244885145813938443e-03,0.000000000000000000e+00,0.000000000000000000e+00,0.000000000000000000e+00,0.000000000000000000e+00,0.000000000000000000e+00,1.517417311752287251e-03,0.000000000000000000e+00,0.000000000000000000e+00,0.000000000000000000e+00,1.521737692119383509e-03,0.000000000000000000e+00,1.379062237678378624e-03,1.314811638941290866e-03,0.000000000000000000e+00,0.000000000000000000e+00,2.023258678020373354e-03,8.814624611964894845e-04
2.060030578578900956e-03,2.447704745615060344e-03,0.000000000000000000e+00,2.652330574326269320e-03,2.251424729711770743e-03,2.157497303128370902e-03,4.169818764908368898e-03,2.338326635001827108e-03,0.000000000000000000e+00,4.128322009116711100e-03,0.000000000000000000e+00,2.481389578163771710e-03,0.000000000000000000e+00,2.085369827305311174e-03,1.971951050423405034e-03,2.903518499848775115e-03,3.442711135018827490e-03,0.000000000000000000e+00,0.000000000000000000e+00,0.000000000000000000e+00,0.000000000000000000e+00,0.000000000000000000e+00,2.106756984118856712e-03,0.000000000000000000e+00,1.855529623240508540e-03,0.000000000000000000e+00,0.000000000000000000e+00,0.000000000000000000e+00,2.332399293801325039e-03,0.000000000000000000e+00,2.276661844570398562e-03,0.000000000000000000e+00,0.000000000000000000e+00,1.928433683308335275e-03,0.000000000000000000e+00,0.000000000000000000e+00,0.000000000000000000e+00,0.000000000000000000e+00,2.533427163969035820e-03,0.000000000000000000e+00,0.000000000000000000e+00,2.073732718894009432e-03,0.000000000000000000e+00,0.000000000000000000e+00,2.302434344645640923e-03,2.195163779797633559e-03,0.000000000000000000e+00,0.000000000000000000e+00,3.377962314607927362e-03,1.471659065649790887e-03
0.000000000000000000e+00,1.905895101403393393e-03,0.000000000000000000e+00,2.065226150321756212e-03,1.753062484853696364e-03,1.679926285508809725e-03,3.246812007051047642e-03,0.000000000000000000e+00,0.000000000000000000e+00,3.214500731057022120e-03,1.532233268422671059e-03,1.932123655913978296e-03,0.000000000000000000e+00,0.000000000000000000e+00,1.535451468949473831e-03,0.000000000000000000e+00,0.000000000000000000e+00,2.139917695473250898e-03,1.982206547248113824e-03,0.000000000000000000e+00,0.000000000000000000e+00,2.612608676656909094e-03,1.640417547530047043e-03,1.989486991815822992e-03,1.444800409762791830e-03,0.000000000000000000e+00,0.000000000000000000e+00,0.000000000000000000e+00,0.000000000000000000e+00,0.000000000000000000e+00,0.000000000000000000e+00,2.065587587131182453e-03,0.000000000000000000e+00,1.501566852367688118e-03,0.000000000000000000e+00,0.000000000000000000e+00,0.000000000000000000e+00,0.000000000000000000e+00,0.000000000000000000e+00,0.000000000000000000e+00,2.072838193834635433e-03,0.000000000000000000e+00,1.978258999755198432e-03,2.018079472284591957e-03,0.000000000000000000e+00,1.709255130623678126e-03,1.514895629264338380e-03,0.000000000000000000e+00,0.000000000000000000e+00,1.145901199555436362e-03
0.000000000000000000e+00,0.000000000000000000e+00,2.946542040749395523e-04,2.647725833745841325e-04,2.247516006222688022e-04,0.000000000000000000e+00,4.162579496219291695e-04,0.000000000000000000e+00,0.000000000000000000e+00,4.121154783406439032e-04,1.964401626182911572e-04,0.000000000000000000e+00,3.040606640684903410e-04,2.081749393577350866e-04,1.968527524294197330e-04,0.000000000000000000e+00,3.436734205964975318e-04,0.000000000000000000e+00,2.541290445189889379e-04,2.805028562508231934e-04,0.000000000000000000e+00,0.000000000000000000e+00,2.103099419910316680e-04,2.550624348481823835e-04,0.000000000000000000e+00,0.000000000000000000e+00,0.000000000000000000e+00,0.000000000000000000e+00,2.328349989471808481e-04,0.000000000000000000e+00,2.272709306645797277e-04,0.000000000000000000e+00,2.074808576356564343e-04,1.925085708163702799e-04,0.000000000000000000e+00,0.000000000000000000e+00,0.000000000000000000e+00,0.000000000000000000e+00,2.529028852920478933e-04,0.000000000000000000e+00,2.657484863890558261e-04,0.000000000000000000e+00,0.000000000000000000e+00,0.000000000000000000e+00,0.000000000000000000e+00,0.000000000000000000e+00,1.942173883672228762e-04,0.000000000000000000e+00,3.372097796700622256e-04,1.469104101994148960e-04
0.000000000000000000e+00,3.399589924465361529e-04,0.000000000000000000e+00,3.683792464342039940e-04,0.000000000000000000e+00,2.996524032122737063e-04,0.000000000000000000e+00,3.247675881946981914e-04,0.000000000000000000e+00,5.733780568217655390e-04,2.733080523384920401e-04,0.000000000000000000e+00,4.230409239213778964e-04,0.000000000000000000e+00,0.000000000000000000e+00,0.000000000000000000e+00,4.781543243081704908e-04,0.000000000000000000e+00,3.535708445481585034e-04,3.902648434794061963e-04,0.000000000000000000e+00,0.000000000000000000e+00,2.926051366831745252e-04,0.000000000000000000e+00,2.577124476722928467e-04,0.000000000000000000e+00,0.000000000000000000e+00,0.000000000000000000e+00,3.239443463612951143e-04,0.000000000000000000e+00,0.000000000000000000e+00,0.000000000000000000e+00,2.886690193191741058e-04,2.678380115706021215e-04,3.687043728338618457e-04,0.000000000000000000e+00,0.000000000000000000e+00,0.000000000000000000e+00,0.000000000000000000e+00,0.000000000000000000e+00,3.697370245412950223e-04,0.000000000000000000e+00,0.000000000000000000e+00,0.000000000000000000e+00,3.197825478674501463e-04,3.048838583052267928e-04,0.000000000000000000e+00,0.000000000000000000e+00,4.691614325844344221e-04,0.000000000000000000e+00
1.931278667417719429e-03,2.294723199014118802e-03,0.000000000000000000e+00,2.486559913430877108e-03,2.110710684104784990e-03,2.022653721682847721e-03,3.909205092101596113e-03,2.192181220314212697e-03,0.000000000000000000e+00,3.870301883546916222e-03,1.844829353284820972e-03,2.326302729528536249e-03,0.000000000000000000e+00,1.955034213098729226e-03,1.848704109771941812e-03,0.000000000000000000e+00,0.000000000000000000e+00,2.576489533011271787e-03,2.386603200700070440e-03,2.634287693485992069e-03,2.572598491218625397e-03,0.000000000000000000e+00,0.000000000000000000e+00,2.395368953356843272e-03,1.739559021787976919e-03,0.000000000000000000e+00,2.390485866252315891e-03,0.000000000000000000e+00,0.000000000000000000e+00,0.000000000000000000e+00,0.000000000000000000e+00,0.000000000000000000e+00,0.000000000000000000e+00,1.807906578101564415e-03,2.488754516628567323e-03,0.000000000000000000e+00,0.000000000000000000e+00,1.764798159380882771e-03,2.375087966220971406e-03,0.000000000000000000e+00,0.000000000000000000e+00,0.000000000000000000e+00,0.000000000000000000e+00,2.429794682349341404e-03,2.158532198105288583e-03,2.057966043560281299e-03,0.000000000000000000e+00,0.000000000000000000e+00,3.166839669944931848e-03,0.000000000000000000e+00
0.000000000000000000e+00,1.612680470418255798e-03,0.000000000000000000e+00,1.747499050272255340e-03,1.483360564106973997e-03,1.421476087738223664e-03,0.000000000000000000e+00,1.540616246498599387e-03,0.000000000000000000e+00,2.719962157048249653e-03,0.000000000000000000e+00,1.634873862696443157e-03,2.006800382852036088e-03,1.373954599761051300e-03,1.299228166034170281e-03,0.000000000000000000e+00,2.268244575936883677e-03,1.810699588477366478e-03,1.677251693825327098e-03,1.851318851255433131e-03,0.000000000000000000e+00,0.000000000000000000e+00,0.000000000000000000e+00,0.000000000000000000e+00,0.000000000000000000e+00,0.000000000000000000e+00,0.000000000000000000e+00,0.000000000000000000e+00,0.000000000000000000e+00,0.000000000000000000e+00,0.000000000000000000e+00,0.000000000000000000e+00,0.000000000000000000e+00,1.270556567388043826e-03,0.000000000000000000e+00,0.000000000000000000e+00,0.000000000000000000e+00,0.000000000000000000e+00,1.669159042927515846e-03,0.000000000000000000e+00,1.753940010167768159e-03,1.366287442396313260e-03,0.000000000000000000e+00,1.707605707317731572e-03,0.000000000000000000e+00,1.446292802835419953e-03,1.281834763223671037e-03,0.000000000000000000e+00,2.225584545822410776e-03,9.696087073161383353e-04
1.351895067192403644e-03,1.606306239309883161e-03,0.000000000000000000e+00,1.740591939401613889e-03,1.477497478873349536e-03,1.415857605177993405e-03,2.736443564471117279e-03,1.534526854219948715e-03,0.000000000000000000e+00,0.000000000000000000e+00,1.291380547299374832e-03,1.628411910669975158e-03,1.998868365528510237e-03,1.368523949169110458e-03,1.294092876840359160e-03,1.905434015525758751e-03,2.259279182356105798e-03,1.803542673107890381e-03,1.670622240490049178e-03,1.844001385440194362e-03,0.000000000000000000e+00,0.000000000000000000e+00,1.382559270827999568e-03,1.676758267349790291e-03,0.000000000000000000e+00,0.000000000000000000e+00,1.673340106376620994e-03,1.812484566310323128e-03,0.000000000000000000e+00,0.000000000000000000e+00,0.000000000000000000e+00,0.000000000000000000e+00,0.000000000000000000e+00,1.265534604671095112e-03,0.000000000000000000e+00,0.000000000000000000e+00,0.000000000000000000e+00,0.000000000000000000e+00,0.000000000000000000e+00,0.000000000000000000e+00,1.747007440957618800e-03,0.000000000000000000e+00,1.667295210496020415e-03,0.000000000000000000e+00,1.510972538673701748e-03,1.440576230492196779e-03,1.276768222657569422e-03,0.000000000000000000e+00,2.216787768961452684e-03,0.000000000000000000e+00
3.004211260427563533e-04,0.000000000000000000e+00,0.000000000000000000e+00,0.000000000000000000e+00,3.283327730829665395e-04,3.146350233728874052e-04,6.080985698824704824e-04,3.410059676044331200e-04,0.000000000000000000e+00,6.020469596628537021e-04,0.000000000000000000e+00,0.000000000000000000e+00,0.000000000000000000e+00,3.041164331486911768e-04,2.875761948534131889e-04,4.234297812279464433e-04,5.020620405235790180e-04,0.000000000000000000e+00,3.712493867755664720e-04,4.097780856533765007e-04,0.000000000000000000e+00,0.000000000000000000e+00,3.072353935173331892e-04,3.726129482999534039e-04,0.000000000000000000e+00,0.000000000000000000e+00,0.000000000000000000e+00,0.000000000000000000e+00,0.000000000000000000e+00,0.000000000000000000e+00,0.000000000000000000e+00,0.000000000000000000e+00,0.000000000000000000e+00,2.812299121491321869e-04,0.000000000000000000e+00,0.000000000000000000e+00,0.000000000000000000e+00,0.000000000000000000e+00,0.000000000000000000e+00,0.000000000000000000e+00,3.882238757683597274e-04,0.000000000000000000e+00,0.000000000000000000e+00,3.779680616987864984e-04,3.357716752608226889e-04,3.201280512204881731e-04,2.837262717016820817e-04,0.000000000000000000e+00,4.926195042136560917e-04,0.000000000000000000e+00
0.000000000000000000e+00,0.000000000000000000e+00,0.000000000000000000e+00,5.824996834240851133e-04,4.944535213689913323e-04,4.738253625794078337e-04,0.000000000000000000e+00,5.135387488328664986e-04,8.110118093577299700e-04,0.000000000000000000e+00,4.321683577602405133e-04,0.000000000000000000e+00,6.689334609506786961e-04,4.579848665870171905e-04,4.330760553447233368e-04,0.000000000000000000e+00,7.560815253122945591e-04,0.000000000000000000e+00,5.590838979417756633e-04,6.171062837518110798e-04,0.000000000000000000e+00,0.000000000000000000e+00,4.626818723802696913e-04,0.000000000000000000e+00,4.075078078818130832e-04,0.000000000000000000e+00,0.000000000000000000e+00,0.000000000000000000e+00,0.000000000000000000e+00,0.000000000000000000e+00,0.000000000000000000e+00,0.000000000000000000e+00,4.564578867984440957e-04,4.235188557960145725e-04,0.000000000000000000e+00,4.726780856724359186e-04,0.000000000000000000e+00,0.000000000000000000e+00,5.563863476425053543e-04,0.000000000000000000e+00,5.846466700559227198e-04,0.000000000000000000e+00,0.000000000000000000e+00,0.000000000000000000e+00,5.056561538154054521e-04,4.820976009451400203e-04,4.272782544078903275e-04,0.000000000000000000e+00,7.418615152741368530e-04,0.000000000000000000e+00
0.000000000000000000e+00,6.841674722986540273e-04,0.000000000000000000e+00,7.413632334488355494e-04,6.293044817423525160e-04,6.030504614647009187e-04,1.165522258941401740e-03,0.000000000000000000e+00,0.000000000000000000e+00,1.153923339353802929e-03,5.500324553312152184e-04,0.000000000000000000e+00,8.513698593917728465e-04,5.828898302016581340e-04,5.511877068023751658e-04,0.000000000000000000e+00,9.622855776701931541e-04,0.000000000000000000e+00,7.115613246531690261e-04,7.854079975023050501e-04,7.670154760855531564e-04,0.000000000000000000e+00,0.000000000000000000e+00,0.000000000000000000e+00,0.000000000000000000e+00,8.307533539731680981e-04,0.000000000000000000e+00,0.000000000000000000e+00,0.000000000000000000e+00,0.000000000000000000e+00,0.000000000000000000e+00,7.414929799958089578e-04,5.809464013798379400e-04,5.390239982858367187e-04,7.420175503281468575e-04,0.000000000000000000e+00,0.000000000000000000e+00,0.000000000000000000e+00,0.000000000000000000e+00,0.000000000000000000e+00,7.440957618893561396e-04,0.000000000000000000e+00,0.000000000000000000e+00,7.244387849226740497e-04,6.435623775832434012e-04,6.135787648392689985e-04,0.000000000000000000e+00,0.000000000000000000e+00,0.000000000000000000e+00,0.000000000000000000e+00
0.000000000000000000e+00,9.688831284726280709e-04,0.000000000000000000e+00,1.049880852337481407e-03,8.911889555109092252e-04,8.540093491549801850e-04,1.650553261109562707e-03,9.255876263548897887e-04,0.000000000000000000e+00,1.634127461942031477e-03,0.000000000000000000e+00,0.000000000000000000e+00,1.205666633175926823e-03,8.254588899750189704e-04,7.805639574592643931e-04,0.000000000000000000e+00,1.362739824278285782e-03,1.087851136160314933e-03,1.007676906962251930e-03,1.112254803916307676e-03,0.000000000000000000e+00,0.000000000000000000e+00,0.000000000000000000e+00,1.011378002528444961e-03,7.344804758660346483e-04,0.000000000000000000e+00,0.000000000000000000e+00,1.093244659044321880e-03,0.000000000000000000e+00,0.000000000000000000e+00,0.000000000000000000e+00,0.000000000000000000e+00,8.227067050596461716e-04,7.633383329762159514e-04,1.050807462576506136e-03,0.000000000000000000e+00,0.000000000000000000e+00,0.000000000000000000e+00,0.000000000000000000e+00,0.000000000000000000e+00,1.053750519942690898e-03,0.000000000000000000e+00,0.000000000000000000e+00,0.000000000000000000e+00,9.113802614222328655e-04,8.689189961698966713e-04,0.000000000000000000e+00,0.000000000000000000e+00,1.337110082865638041e-03,0.000000000000000000e+00
0.000000000000000000e+00,1.466073154925687163e-04,1.767925224449636988e-04,1.588635500247504904e-04,1.348509603733612650e-04,1.292250988852930579e-04,2.497547697731575234e-04,1.400560224089636029e-04,0.000000000000000000e+00,2.472692870043863419e-04,0.000000000000000000e+00,0.000000000000000000e+00,1.824363984410942046e-04,0.000000000000000000e+00,1.181116514576518290e-04,0.000000000000000000e+00,2.062040523578985137e-04,0.000000000000000000e+00,1.524774267113933898e-04,1.683017137504939432e-04,0.000000000000000000e+00,0.000000000000000000e+00,1.261859651946190116e-04,0.000000000000000000e+00,1.111384930586762905e-04,0.000000000000000000e+00,0.000000000000000000e+00,1.654251786711803045e-04,0.000000000000000000e+00,0.000000000000000000e+00,0.000000000000000000e+00,0.000000000000000000e+00,0.000000000000000000e+00,1.155051424898221734e-04,0.000000000000000000e+00,0.000000000000000000e+00,0.000000000000000000e+00,1.127509935160008359e-04,0.000000000000000000e+00,0.000000000000000000e+00,1.594490918334334740e-04,0.000000000000000000e+00,0.000000000000000000e+00,0.000000000000000000e+00,1.379062237678378678e-04,1.314811638941290866e-04,1.165304330203337257e-04,0.000000000000000000e+00,2.023258678020373408e-04,0.000000000000000000e+00
0.000000000000000000e+00,6.629200352707454195e-04,0.000000000000000000e+00,0.000000000000000000e+00,6.097608642969379366e-04,5.843221862639338222e-04,1.129325915496016486e-03,6.332967969796615085e-04,0.000000000000000000e+00,1.118087210802442590e-03,0.000000000000000000e+00,0.000000000000000000e+00,8.249298016466868194e-04,5.647876615618550736e-04,5.340700761563388181e-04,0.000000000000000000e+00,9.324009324009324001e-04,0.000000000000000000e+00,6.894631468689091467e-04,7.610164447848421967e-04,0.000000000000000000e+00,0.000000000000000000e+00,5.705800165321903324e-04,6.919954754141991555e-04,0.000000000000000000e+00,0.000000000000000000e+00,0.000000000000000000e+00,0.000000000000000000e+00,6.316914754045255135e-04,0.000000000000000000e+00,0.000000000000000000e+00,0.000000000000000000e+00,5.629045876723895144e-04,5.222841225626741234e-04,0.000000000000000000e+00,0.000000000000000000e+00,0.000000000000000000e+00,0.000000000000000000e+00,6.861365235749472373e-04,0.000000000000000000e+00,7.209871978555252312e-04,0.000000000000000000e+00,6.880900868713735186e-04,0.000000000000000000e+00,6.235759683415277501e-04,5.945235236951923680e-04,5.269202188745524375e-04,0.000000000000000000e+00,0.000000000000000000e+00,3.985743302801517075e-04
5.507720644117199268e-04,6.544210604595820848e-04,0.000000000000000000e+00,7.091300493858426193e-04,6.019434173187719530e-04,5.768308761836269186e-04,0.000000000000000000e+00,6.251776072747940172e-04,0.000000000000000000e+00,1.103752759381898454e-03,0.000000000000000000e+00,0.000000000000000000e+00,8.143537785486522785e-04,5.575467941059339145e-04,5.272230238979240622e-04,0.000000000000000000e+00,9.204470742932282720e-04,0.000000000000000000e+00,6.806238757552053251e-04,0.000000000000000000e+00,0.000000000000000000e+00,0.000000000000000000e+00,5.632648881151109191e-04,0.000000000000000000e+00,4.960964617691637204e-04,0.000000000000000000e+00,0.000000000000000000e+00,0.000000000000000000e+00,0.000000000000000000e+00,0.000000000000000000e+00,0.000000000000000000e+00,0.000000000000000000e+00,5.556878621894100574e-04,5.155881722734089552e-04,7.097559177051838281e-04,0.000000000000000000e+00,0.000000000000000000e+00,0.000000000000000000e+00,6.773399014778324874e-04,0.000000000000000000e+00,7.117437722419928245e-04,0.000000000000000000e+00,0.000000000000000000e+00,6.929414464477751025e-04,6.155814046448415330e-04,5.869014272375616507e-04,0.000000000000000000e+00,0.000000000000000000e+00,0.000000000000000000e+00,0.000000000000000000e+00
1.348318625215703904e-03,1.602056751904301548e-03,0.000000000000000000e+00,1.735987198821186545e-03,1.473588755384266707e-03,1.412111950137839899e-03,2.729204295782040185e-03,1.530467259367515077e-03,0.000000000000000000e+00,0.000000000000000000e+00,1.287964196645143694e-03,0.000000000000000000e+00,1.993580353979493291e-03,1.364903515441149608e-03,1.290669350711151891e-03,0.000000000000000000e+00,0.000000000000000000e+00,0.000000000000000000e+00,1.666202604933197159e-03,1.839123074896701921e-03,0.000000000000000000e+00,0.000000000000000000e+00,1.378901706619459645e-03,0.000000000000000000e+00,1.214469909655680130e-03,0.000000000000000000e+00,0.000000000000000000e+00,1.807689633595216784e-03,0.000000000000000000e+00,0.000000000000000000e+00,0.000000000000000000e+00,1.736291015269689425e-03,0.000000000000000000e+00,1.262186629526462420e-03,0.000000000000000000e+00,0.000000000000000000e+00,0.000000000000000000e+00,0.000000000000000000e+00,1.658163265306122382e-03,0.000000000000000000e+00,1.742385728150852488e-03,0.000000000000000000e+00,1.662884376605819120e-03,1.696356657862410590e-03,1.506975256825358964e-03,1.436765182263381475e-03,1.273390528946835229e-03,0.000000000000000000e+00,2.210923251054147144e-03,0.000000000000000000e+00
2.467744963922641806e-03,2.932146309851374217e-03,3.535850448899274193e-03,3.177271000495009590e-03,2.697019207467225409e-03,0.000000000000000000e+00,0.000000000000000000e+00,2.801120448179271298e-03,0.000000000000000000e+00,4.945385740087727272e-03,2.357281951419493669e-03,0.000000000000000000e+00,3.648727968821883442e-03,0.000000000000000000e+00,2.362233029153036797e-03,0.000000000000000000e+00,4.124081047157970165e-03,3.292181069958847236e-03,3.049548534227867688e-03,3.366034275009878972e-03,3.287209183223799118e-03,0.000000000000000000e+00,2.523719303892379799e-03,3.060749218178188819e-03,2.222769861173526026e-03,3.560371517027863773e-03,3.054509717989070065e-03,3.308503573423605872e-03,0.000000000000000000e+00,0.000000000000000000e+00,2.727251167974956841e-03,0.000000000000000000e+00,0.000000000000000000e+00,0.000000000000000000e+00,3.180075215692058054e-03,0.000000000000000000e+00,2.666975881261595630e-03,0.000000000000000000e+00,3.034834623504574502e-03,0.000000000000000000e+00,0.000000000000000000e+00,2.484158986175115293e-03,0.000000000000000000e+00,3.104737649668602543e-03,2.758124475356757248e-03,2.629623277882581298e-03,0.000000000000000000e+00,0.000000000000000000e+00,4.046517356040746707e-03,0.000000000000000000e+00
5.758071582486162625e-04,6.841674722986540273e-04,0.000000000000000000e+00,7.413632334488355494e-04,6.293044817423525160e-04,0.000000000000000000e+00,0.000000000000000000e+00,6.535947712418301286e-04,0.000000000000000000e+00,1.153923339353802929e-03,5.500324553312152184e-04,6.935828508409152887e-04,0.000000000000000000e+00,5.828898302016581340e-04,0.000000000000000000e+00,8.115737473535639124e-04,9.622855776701931541e-04,7.681755829903978835e-04,7.115613246531690261e-04,7.854079975023050501e-04,0.000000000000000000e+00,0.000000000000000000e+00,5.888678375748886487e-04,0.000000000000000000e+00,5.186463009404893194e-04,0.000000000000000000e+00,0.000000000000000000e+00,0.000000000000000000e+00,6.519379970521063531e-04,0.000000000000000000e+00,0.000000000000000000e+00,0.000000000000000000e+00,0.000000000000000000e+00,5.390239982858367187e-04,0.000000000000000000e+00,0.000000000000000000e+00,0.000000000000000000e+00,0.000000000000000000e+00,7.081280788177339493e-04,0.000000000000000000e+00,7.440957618893561396e-04,0.000000000000000000e+00,0.000000000000000000e+00,0.000000000000000000e+00,6.435623775832434012e-04,6.135787648392689985e-04,5.438086874282240532e-04,0.000000000000000000e+00,0.000000000000000000e+00,0.000000000000000000e+00
2.414098334272149287e-04,0.000000000000000000e+00,0.000000000000000000e+00,3.108199891788596386e-04,2.638388355130981237e-04,2.528317152103559651e-04,4.886506365126995141e-04,0.000000000000000000e+00,0.000000000000000000e+00,4.837877354433645278e-04,0.000000000000000000e+00,2.907878411910670311e-04,0.000000000000000000e+00,2.443792766373411533e-04,2.310880137214927266e-04,0.000000000000000000e+00,4.034427111350187686e-04,3.220611916264089734e-04,2.983254000875088050e-04,3.292859616857490086e-04,0.000000000000000000e+00,3.932019747476954061e-04,2.468855840764284633e-04,2.994211191696054090e-04,0.000000000000000000e+00,0.000000000000000000e+00,0.000000000000000000e+00,3.236579582697006051e-04,2.733280422423427442e-04,0.000000000000000000e+00,2.667963099105935781e-04,0.000000000000000000e+00,2.435644850505531500e-04,0.000000000000000000e+00,0.000000000000000000e+00,0.000000000000000000e+00,0.000000000000000000e+00,0.000000000000000000e+00,2.968859957776214258e-04,0.000000000000000000e+00,3.119656144567176429e-04,2.430155529953917370e-04,2.977312875885750510e-04,3.037243352936676755e-04,2.698165247631610728e-04,2.572457554450351624e-04,0.000000000000000000e+00,0.000000000000000000e+00,0.000000000000000000e+00,0.000000000000000000e+00
2.235276235437175306e-04,2.655929628488563508e-04,0.000000000000000000e+00,2.877962862767218855e-04,2.442952180676834901e-04,2.341034400095888686e-04,0.000000000000000000e+00,0.000000000000000000e+00,0.000000000000000000e+00,4.479516068920041884e-04,2.135219158894468758e-04,0.000000000000000000e+00,3.305007218135764223e-04,2.262771079975381199e-04,0.000000000000000000e+00,0.000000000000000000e+00,3.735580658657581231e-04,2.982048070614897882e-04,2.762272223032489257e-04,3.048944089682861010e-04,0.000000000000000000e+00,0.000000000000000000e+00,2.285977630337300386e-04,2.772417770088938692e-04,0.000000000000000000e+00,0.000000000000000000e+00,0.000000000000000000e+00,0.000000000000000000e+00,0.000000000000000000e+00,0.000000000000000000e+00,0.000000000000000000e+00,0.000000000000000000e+00,2.255226713431048057e-04,2.092484465395329023e-04,0.000000000000000000e+00,0.000000000000000000e+00,0.000000000000000000e+00,2.042590462246391986e-04,2.748944405348346595e-04,0.000000000000000000e+00,0.000000000000000000e+00,0.000000000000000000e+00,2.756771181375694936e-04,2.812262363830256014e-04,2.498301155214454217e-04,2.381905143009584776e-04,2.111058569208944106e-04,0.000000000000000000e+00,3.665323692065893804e-04,0.000000000000000000e+00
0.000000000000000000e+00,3.569569420688629307e-04,0.000000000000000000e+00,3.867982087559142398e-04,0.000000000000000000e+00,3.146350233728874594e-04,6.080985698824704824e-04,0.000000000000000000e+00,0.000000000000000000e+00,6.020469596628537021e-04,2.869734549554166475e-04,0.000000000000000000e+00,4.441929701174468156e-04,3.041164331486912310e-04,2.875761948534131889e-04,0.000000000000000000e+00,5.020620405235790180e-04,4.007872606906423552e-04,3.712493867755664720e-04,4.097780856533765549e-04,0.000000000000000000e+00,0.000000000000000000e+00,3.072353935173332434e-04,3.726129482999534039e-04,0.000000000000000000e+00,0.000000000000000000e+00,3.718533569725824130e-04,0.000000000000000000e+00,3.401415636793598835e-04,0.000000000000000000e+00,3.320131856665164841e-04,3.868659026065090286e-04,0.000000000000000000e+00,2.812299121491322411e-04,0.000000000000000000e+00,3.138731952291274555e-04,0.000000000000000000e+00,0.000000000000000000e+00,0.000000000000000000e+00,0.000000000000000000e+00,3.882238757683597274e-04,0.000000000000000000e+00,0.000000000000000000e+00,3.779680616987864442e-04,3.357716752608225805e-04,3.201280512204882273e-04,2.837262717016820817e-04,0.000000000000000000e+00,4.926195042136560917e-04,2.146169470739278738e-04
0.000000000000000000e+00,1.325840070541490839e-03,0.000000000000000000e+00,1.436679061093395701e-03,1.219521728593875873e-03,1.168644372527867644e-03,2.258651830992032972e-03,1.266593593959323017e-03,0.000000000000000000e+00,2.236174421604885179e-03,1.065901404120118837e-03,0.000000000000000000e+00,1.649859603293373639e-03,0.000000000000000000e+00,1.068140152312677636e-03,0.000000000000000000e+00,1.864801864801864800e-03,0.000000000000000000e+00,1.378926293737818293e-03,1.522032889569684393e-03,0.000000000000000000e+00,0.000000000000000000e+00,1.141160033064380665e-03,1.383990950828398311e-03,1.005078545921942162e-03,0.000000000000000000e+00,0.000000000000000000e+00,0.000000000000000000e+00,0.000000000000000000e+00,1.397849462365591613e-03,0.000000000000000000e+00,1.436930495395604855e-03,0.000000000000000000e+00,1.044568245125348247e-03,0.000000000000000000e+00,0.000000000000000000e+00,0.000000000000000000e+00,0.000000000000000000e+00,0.000000000000000000e+00,0.000000000000000000e+00,0.000000000000000000e+00,0.000000000000000000e+00,1.376180173742747037e-03,1.403881372024063951e-03,1.247151936683055500e-03,1.189047047390384736e-03,0.000000000000000000e+00,1.798685575925285281e-03,0.000000000000000000e+00,0.000000000000000000e+00
0.000000000000000000e+00,4.886910516418957435e-05,0.000000000000000000e+00,5.295451667491682786e-05,4.495032012445375502e-05,0.000000000000000000e+00,0.000000000000000000e+00,4.668534080298786536e-05,0.000000000000000000e+00,8.242309566812879419e-05,0.000000000000000000e+00,0.000000000000000000e+00,6.081213281369806821e-05,4.163498787154701054e-05,3.937055048588394525e-05,5.796955338239742812e-05,0.000000000000000000e+00,0.000000000000000000e+00,5.082580890379778758e-05,5.610057125016464547e-05,0.000000000000000000e+00,0.000000000000000000e+00,4.206198839820633495e-05,5.101248696963648889e-05,0.000000000000000000e+00,0.000000000000000000e+00,0.000000000000000000e+00,0.000000000000000000e+00,4.656699978943616420e-05,0.000000000000000000e+00,0.000000000000000000e+00,5.296378428541493330e-05,4.149617152713128143e-05,3.850171416327405327e-05,5.300125359486764236e-05,0.000000000000000000e+00,0.000000000000000000e+00,0.000000000000000000e+00,0.000000000000000000e+00,0.000000000000000000e+00,5.314969727781115573e-05,0.000000000000000000e+00,0.000000000000000000e+00,0.000000000000000000e+00,4.596874125594595142e-05,4.382705463137635994e-05,3.884347767344457523e-05,0.000000000000000000e+00,6.744195593401244241e-05,0.000000000000000000e+00
0.000000000000000000e+00,0.000000000000000000e+00,2.003648587709589129e-03,0.000000000000000000e+00,1.528310884231427833e-03,1.464551120699988116e-03,2.830554057429118635e-03,1.587301587301587300e-03,0.000000000000000000e+00,2.802385252716378759e-03,0.000000000000000000e+00,0.000000000000000000e+00,2.067612515665733994e-03,1.415589587632598480e-03,1.338598716520054098e-03,1.970964815001512421e-03,2.336979260056183064e-03,1.865569272976680404e-03,1.728077502729124994e-03,1.907419422505597824e-03,0.000000000000000000e+00,0.000000000000000000e+00,1.430107605539015321e-03,1.734424556967640229e-03,0.000000000000000000e+00,2.017543859649122834e-03,0.000000000000000000e+00,0.000000000000000000e+00,0.000000000000000000e+00,0.000000000000000000e+00,0.000000000000000000e+00,0.000000000000000000e+00,0.000000000000000000e+00,1.309058281551317947e-03,0.000000000000000000e+00,0.000000000000000000e+00,0.000000000000000000e+00,0.000000000000000000e+00,0.000000000000000000e+00,0.000000000000000000e+00,0.000000000000000000e+00,0.000000000000000000e+00,1.724636051068634659e-03,0.000000000000000000e+00,1.562937202702162484e-03,1.490119857466796170e-03,1.320678240897115666e-03,0.000000000000000000e+00,0.000000000000000000e+00,9.989907893560214663e-04
5.114312026680257160e-04,6.076766989981833645e-04,7.327921944820234897e-04,6.584779030011396602e-04,5.589474589388596397e-04,5.356286707419393280e-04,1.035215422538015130e-03,5.805220638980229230e-04,0.000000000000000000e+00,1.024913276568905707e-03,0.000000000000000000e+00,0.000000000000000000e+00,7.561856515094629539e-04,5.177220230983671598e-04,0.000000000000000000e+00,0.000000000000000000e+00,8.547008547008547001e-04,0.000000000000000000e+00,6.320078846298334387e-04,6.975984077194386261e-04,0.000000000000000000e+00,0.000000000000000000e+00,5.230316818211743629e-04,0.000000000000000000e+00,4.606610002142234547e-04,0.000000000000000000e+00,0.000000000000000000e+00,0.000000000000000000e+00,0.000000000000000000e+00,0.000000000000000000e+00,0.000000000000000000e+00,0.000000000000000000e+00,0.000000000000000000e+00,4.787604456824512888e-04,6.590590664405280262e-04,0.000000000000000000e+00,0.000000000000000000e+00,0.000000000000000000e+00,6.289584799437016342e-04,0.000000000000000000e+00,6.609049313675648043e-04,0.000000000000000000e+00,6.307492462987590587e-04,6.434456288443626262e-04,5.716113043130671223e-04,5.449798967205929769e-04,4.830102006350064101e-04,0.000000000000000000e+00,0.000000000000000000e+00,3.653598027568057409e-04
6.705828706311526459e-04,7.967788885465691608e-04,9.608289263313246316e-04,8.633888588301656024e-04,7.328856542030504160e-04,7.023103200287665517e-04,1.357362879201942998e-03,0.000000000000000000e+00,0.000000000000000000e+00,0.000000000000000000e+00,0.000000000000000000e+00,0.000000000000000000e+00,9.915021654407292669e-04,0.000000000000000000e+00,0.000000000000000000e+00,0.000000000000000000e+00,1.120674197597274369e-03,8.946144211844694188e-04,8.286816669097467770e-04,0.000000000000000000e+00,0.000000000000000000e+00,0.000000000000000000e+00,6.857932891011901157e-04,8.317253310266817159e-04,0.000000000000000000e+00,0.000000000000000000e+00,8.300298146709429335e-04,8.990498840825016146e-04,7.592445617842853885e-04,0.000000000000000000e+00,0.000000000000000000e+00,0.000000000000000000e+00,6.765680140293143900e-04,6.277453396185986257e-04,0.000000000000000000e+00,7.006098107793022438e-04,0.000000000000000000e+00,0.000000000000000000e+00,8.246833216045039786e-04,0.000000000000000000e+00,8.665711512686601493e-04,6.750432027649770714e-04,0.000000000000000000e+00,8.436787091490768583e-04,0.000000000000000000e+00,7.145715429028753245e-04,6.333175707626833130e-04,0.000000000000000000e+00,0.000000000000000000e+00,0.000000000000000000e+00
0.000000000000000000e+00,0.000000000000000000e+00,0.000000000000000000e+00,1.436679061093395701e-03,0.000000000000000000e+00,1.168644372527867644e-03,2.258651830992032972e-03,0.000000000000000000e+00,0.000000000000000000e+00,0.000000000000000000e+00,0.000000000000000000e+00,0.000000000000000000e+00,1.649859603293373639e-03,1.129575323123710147e-03,1.068140152312677636e-03,1.572739187418086557e-03,1.864801864801864800e-03,1.488638396850957288e-03,1.378926293737818293e-03,1.522032889569684393e-03,0.000000000000000000e+00,0.000000000000000000e+00,1.141160033064380665e-03,0.000000000000000000e+00,1.005078545921942162e-03,0.000000000000000000e+00,1.381169611612449288e-03,0.000000000000000000e+00,1.263382950809051027e-03,0.000000000000000000e+00,1.233191832475632500e-03,0.000000000000000000e+00,1.125809175344779029e-03,0.000000000000000000e+00,1.437947054052061188e-03,0.000000000000000000e+00,0.000000000000000000e+00,0.000000000000000000e+00,1.372273047149894475e-03,0.000000000000000000e+00,1.441974395711050462e-03,0.000000000000000000e+00,0.000000000000000000e+00,0.000000000000000000e+00,1.247151936683055500e-03,1.189047047390384736e-03,1.053840437749104875e-03,0.000000000000000000e+00,1.829729587079294024e-03,0.000000000000000000e+00
2.011748611893457613e-03,0.000000000000000000e+00,0.000000000000000000e+00,2.590166576490496916e-03,0.000000000000000000e+00,2.106930960086299438e-03,0.000000000000000000e+00,2.283522104493971271e-03,0.000000000000000000e+00,4.031564462028037858e-03,1.921697243005022126e-03,0.000000000000000000e+00,2.974506496322187801e-03,2.036493971977843161e-03,1.925733447679106244e-03,0.000000000000000000e+00,3.362022592791823975e-03,2.683843263553408257e-03,2.486045000729240114e-03,2.744049680714574693e-03,2.679790095019401672e-03,0.000000000000000000e+00,2.057379867303570347e-03,2.495175993080045364e-03,0.000000000000000000e+00,2.902476780185758200e-03,0.000000000000000000e+00,0.000000000000000000e+00,2.277733685352856599e-03,0.000000000000000000e+00,0.000000000000000000e+00,0.000000000000000000e+00,2.029704042087943170e-03,1.883236018855796202e-03,0.000000000000000000e+00,0.000000000000000000e+00,0.000000000000000000e+00,0.000000000000000000e+00,0.000000000000000000e+00,0.000000000000000000e+00,0.000000000000000000e+00,0.000000000000000000e+00,0.000000000000000000e+00,2.531036127447230250e-03,0.000000000000000000e+00,2.143714628708626082e-03,1.899952712288049831e-03,0.000000000000000000e+00,3.298791322859304966e-03,1.437167056298624228e-03
0.000000000000000000e+00,2.430706795992733458e-03,0.000000000000000000e+00,2.633911612004558641e-03,2.235789835755438559e-03,2.142514682967757312e-03,4.140861690152060522e-03,0.000000000000000000e+00,0.000000000000000000e+00,4.099653106275622828e-03,0.000000000000000000e+00,0.000000000000000000e+00,3.024742606037851816e-03,2.070888092393468639e-03,1.958256945906575522e-03,2.883355176933158869e-03,3.418803418803418800e-03,0.000000000000000000e+00,2.528031538519333755e-03,2.790393630877754504e-03,0.000000000000000000e+00,0.000000000000000000e+00,2.092126727284697452e-03,2.537316743185397301e-03,0.000000000000000000e+00,0.000000000000000000e+00,0.000000000000000000e+00,0.000000000000000000e+00,0.000000000000000000e+00,2.562724014336917669e-03,2.260851692871993206e-03,2.634372574891942487e-03,2.063983488132094778e-03,1.915041782729805155e-03,2.636236265762112105e-03,0.000000000000000000e+00,0.000000000000000000e+00,0.000000000000000000e+00,2.515833919774806537e-03,0.000000000000000000e+00,0.000000000000000000e+00,0.000000000000000000e+00,0.000000000000000000e+00,0.000000000000000000e+00,2.286445217252268489e-03,0.000000000000000000e+00,1.932040802540025640e-03,0.000000000000000000e+00,3.354504242978706072e-03,1.461439211027222964e-03
1.448459000563289681e-03,1.721042399260589101e-03,0.000000000000000000e+00,1.864919935073157831e-03,1.583033013078588742e-03,1.516990291262135682e-03,2.931903819076197085e-03,1.644135915235659523e-03,0.000000000000000000e+00,2.902726412660187709e-03,0.000000000000000000e+00,0.000000000000000000e+00,2.141644677351975130e-03,1.466275659824046920e-03,1.386528082328956305e-03,2.041536445206170152e-03,2.420656266810112828e-03,0.000000000000000000e+00,1.789952400525052830e-03,1.975715770114494160e-03,0.000000000000000000e+00,2.359211848486172328e-03,1.481313504458570780e-03,1.796526715017632671e-03,1.304669266340982526e-03,0.000000000000000000e+00,0.000000000000000000e+00,0.000000000000000000e+00,0.000000000000000000e+00,0.000000000000000000e+00,0.000000000000000000e+00,0.000000000000000000e+00,1.461386910303318900e-03,1.355929933576173040e-03,1.866565887471425276e-03,0.000000000000000000e+00,0.000000000000000000e+00,0.000000000000000000e+00,1.781315974665728446e-03,0.000000000000000000e+00,1.871793686740305749e-03,0.000000000000000000e+00,1.786387725531450414e-03,0.000000000000000000e+00,1.618899148578966437e-03,1.543474532670210866e-03,0.000000000000000000e+00,0.000000000000000000e+00,0.000000000000000000e+00,0.000000000000000000e+00
0.000000000000000000e+00,8.498974811163403822e-05,0.000000000000000000e+00,9.209481160855099849e-05,7.817446978165869731e-05,0.000000000000000000e+00,1.447853737815405807e-04,0.000000000000000000e+00,0.000000000000000000e+00,1.433445142054413847e-04,0.000000000000000000e+00,0.000000000000000000e+00,1.057602309803444741e-04,7.240867455921218753e-05,6.847052258414600058e-05,0.000000000000000000e+00,0.000000000000000000e+00,9.542553825967674090e-05,8.839271113703962585e-05,9.756621086985154908e-05,0.000000000000000000e+00,0.000000000000000000e+00,7.315128417079363131e-05,8.871736864284605114e-05,0.000000000000000000e+00,0.000000000000000000e+00,0.000000000000000000e+00,0.000000000000000000e+00,0.000000000000000000e+00,0.000000000000000000e+00,0.000000000000000000e+00,9.211092919202597273e-05,7.216725482979352644e-05,6.695950289265053038e-05,0.000000000000000000e+00,0.000000000000000000e+00,0.000000000000000000e+00,0.000000000000000000e+00,0.000000000000000000e+00,0.000000000000000000e+00,0.000000000000000000e+00,0.000000000000000000e+00,0.000000000000000000e+00,0.000000000000000000e+00,7.994563696686253658e-05,0.000000000000000000e+00,6.755387421468620542e-05,0.000000000000000000e+00,1.172903581461086055e-04,5.109927311283997414e-05
1.108697012776838900e-03,1.317341095730327613e-03,0.000000000000000000e+00,1.427469579932540578e-03,0.000000000000000000e+00,1.161153062447560632e-03,0.000000000000000000e+00,0.000000000000000000e+00,0.000000000000000000e+00,0.000000000000000000e+00,0.000000000000000000e+00,0.000000000000000000e+00,0.000000000000000000e+00,0.000000000000000000e+00,1.061293100054262880e-03,0.000000000000000000e+00,1.852848006694160672e-03,1.479095843024989592e-03,1.370087022624114255e-03,0.000000000000000000e+00,0.000000000000000000e+00,0.000000000000000000e+00,1.133844904647301251e-03,1.375119213964113738e-03,0.000000000000000000e+00,0.000000000000000000e+00,0.000000000000000000e+00,1.486429141683069622e-03,0.000000000000000000e+00,0.000000000000000000e+00,0.000000000000000000e+00,1.427719402476402503e-03,1.118592449861799572e-03,1.037872294836083079e-03,0.000000000000000000e+00,0.000000000000000000e+00,0.000000000000000000e+00,0.000000000000000000e+00,1.363476425052779833e-03,0.000000000000000000e+00,1.432730970097518272e-03,0.000000000000000000e+00,0.000000000000000000e+00,1.394882132459807295e-03,1.239157372986369283e-03,1.181424950932753910e-03,0.000000000000000000e+00,0.000000000000000000e+00,0.000000000000000000e+00,7.920387332490194535e-04
0.000000000000000000e+00,1.542563928226157663e-03,0.000000000000000000e+00,1.671520830695200684e-03,1.418866626537105364e-03,1.359672779575692115e-03,2.627854534134961735e-03,1.473632931433442855e-03,0.000000000000000000e+00,2.601702932828760424e-03,1.240135287485907541e-03,0.000000000000000000e+00,1.919548192293251939e-03,1.314217443249701385e-03,1.242739984902249684e-03,0.000000000000000000e+00,2.169625246548323536e-03,0.000000000000000000e+00,1.604327707137269540e-03,1.770826727287805585e-03,1.729357874652520492e-03,2.114552841976495481e-03,1.327695807699904185e-03,1.610220240867655996e-03,1.169370231313028715e-03,0.000000000000000000e+00,1.606937721202945793e-03,1.740560575583723199e-03,1.469897471614376632e-03,0.000000000000000000e+00,1.434771266630303389e-03,0.000000000000000000e+00,0.000000000000000000e+00,1.215314977501607109e-03,0.000000000000000000e+00,0.000000000000000000e+00,1.403061224489795828e-03,1.186336540472704426e-03,1.596586910626319458e-03,0.000000000000000000e+00,1.677681748856126075e-03,1.306883640552995414e-03,0.000000000000000000e+00,1.633361980912612912e-03,1.451013310948554794e-03,1.383410507059966996e-03,1.226102816996554792e-03,0.000000000000000000e+00,0.000000000000000000e+00,0.000000000000000000e+00
